{
  "RGBSwitch" : {
    "B" : false,
    "G" : true,
    "R" : false
  },
  "home" : {
    "humidity" : 998,
    "sound" : 1,
    "temp" : 998,
    "window" : true
  },
  "iot0901" : {
    "humidity" : 255,
    "relay" : false,
    "rfid" : {
      "inRecords" : {
        "44_e7_f2_e2" : {
          "-LQNOAoFlAEJg7fCGm1X" : 1541228772624
        },
        "7d_8a_62_f4" : {
          "-LPFKUxmgdTbOLouLE6D" : 1540019847026,
          "-LPFKYhgfTPeZm3I_jGL" : 1540019862380,
          "-LPFKZzgNDmnoxjMgx-z" : 1540019867628,
          "-LPFMjr1anUVkC7orA6y" : 1540020436418,
          "-LPFMmvAh64e6VNDjooD" : 1540020448971,
          "-LPnKIKyFs2fcJ-OoDpN" : 1540606997886,
          "-LPnKJtIuaADuw_2KWCs" : 1540607004243,
          "-LPneXyWF1h2tzXAld-A" : 1540612566945,
          "-LPo5pNgCkRZPAE82vYc" : 1540619982381,
          "-LPo6T--TZPXotiJgdMJ" : 1540620148736,
          "-LPo6U5xZ2wEXeU7v9Et" : 1540620153277,
          "-LPoWz_Wwo3HoFLcyTsZ" : 1540627102049,
          "-LPoX0bgJzQsUh4ft-2z" : 1540627110380,
          "-LPoXOT24l2rEM-theSD" : 1540627208067,
          "-LPoXPyebmbbKK988weg" : 1540627214250,
          "-LPoXRV_ykKt-SRnYq0N" : 1540627220517,
          "-LQMD6CpfpuMyjeqt3I3" : 1541209092981,
          "-LQN4kwYJvZtr9O7Ar1w" : 1541223681827,
          "-LQN8DcCXSSp3DCD6_v0" : 1541224589837,
          "-LQN8E6N1et3liE5D_P7" : 1541224591832
        },
        "f4_d4_e9_b3" : {
          "-LPFKa1INF7IzOQQUmd4" : 1540019871891,
          "-LPFKbF1lW4zov1BtQgV" : 1540019876866,
          "-LPnKIpfaI2fFHEm67YG" : 1540606999915,
          "-LPnKLOHM6Ye3FgdQAZK" : 1540607010386,
          "-LPneVB6NZJwFszgsL7g" : 1540612555527,
          "-LPneeJ4_uwSCLRQaMmZ" : 1540612596997,
          "-LPoX2RivzkCWL3LvJQn" : 1540627117870,
          "-LPoXQGEz6axG7qdstBS" : 1540627215439,
          "-LPoXSAPQ2WexBG4UD72" : 1540627223258,
          "-LQN5L_8821qPY_44BbZ" : 1541223835977,
          "-LQN5LwdmIgVvrvcoppL" : 1541223837481,
          "-LQN8FMcdTo-EnSg5FDw" : 1541224596968
        }
      },
      "name" : {
        "7d_8a_62_f4" : "徐國堂",
        "f4_d4_e9_b3" : "徐家渝"
      },
      "records" : {
        "-LPFKUu2dsFzgVDacT85" : {
          "cardID" : "7d_8a_62_f4",
          "timeStamp" : 1540019846787
        },
        "-LPFKYeBeBHXvrjtP4Bn" : {
          "cardID" : "7d_8a_62_f4",
          "timeStamp" : 1540019862156
        },
        "-LPFKZw88j-rvwRBpCuR" : {
          "cardID" : "7d_8a_62_f4",
          "timeStamp" : 1540019867401
        },
        "-LPFK_yRxBQpPUT6r8Bu" : {
          "cardID" : "f4_d4_e9_b3",
          "timeStamp" : 1540019871644
        },
        "-LPFKbBWEAnaOS-HaHtg" : {
          "cardID" : "f4_d4_e9_b3",
          "timeStamp" : 1540019876641
        },
        "-LPFMjngXhszHUV3GAxx" : {
          "cardID" : "7d_8a_62_f4",
          "timeStamp" : 1540020436204
        },
        "-LPFMmr7myFf3wxUWtrL" : {
          "cardID" : "7d_8a_62_f4",
          "timeStamp" : 1540020448712
        },
        "-LPnJltOhlUC0uYA2ky5" : {
          "cardID" : "7d-8a-62-f4",
          "timeStamp" : 1540606860889
        },
        "-LPnKImEwnXlaDAgJvT2" : {
          "cardID" : "f4_d4_e9_b3",
          "timeStamp" : 1540606999695
        },
        "-LPnKJpkxkucsRKsbRHU" : {
          "cardID" : "7d_8a_62_f4",
          "timeStamp" : 1540607004016
        },
        "-LPnKLK47whPGGha5e46" : {
          "cardID" : "f4_d4_e9_b3",
          "timeStamp" : 1540607010117
        },
        "-LPneXuiZlQgBc5d6ryt" : {
          "cardID" : "7d_8a_62_f4",
          "timeStamp" : 1540612566702
        },
        "-LPneeEzx6WgyPMvEaMz" : {
          "cardID" : "f4_d4_e9_b3",
          "timeStamp" : 1540612596735
        },
        "-LPo5pJsrGwQXozMLVtQ" : {
          "cardID" : "7d_8a_62_f4",
          "timeStamp" : 1540619982137
        },
        "-LPo6U1Cbrq5PRjTCeO7" : {
          "cardID" : "7d_8a_62_f4",
          "timeStamp" : 1540620152973
        },
        "-LPoX0YfKL1j5k-Sq2_E" : {
          "cardID" : "7d_8a_62_f4",
          "timeStamp" : 1540627110123
        },
        "-LPoX2O9XQU-QlQeB0bT" : {
          "cardID" : "f4_d4_e9_b3",
          "timeStamp" : 1540627117642
        },
        "-LPoXPelz6jmR5uh_irV" : {
          "cardID" : "7d_8a_62_f4",
          "timeStamp" : 1540627212977
        },
        "-LPoXQCTyyZ-5ajH8zqx" : {
          "cardID" : "f4_d4_e9_b3",
          "timeStamp" : 1540627215198
        },
        "-LPoXRS9GqCSnWPtWw9Y" : {
          "cardID" : "7d_8a_62_f4",
          "timeStamp" : 1540627220299
        },
        "-LPoXS526M7L7DjqozFB" : {
          "cardID" : "f4_d4_e9_b3",
          "timeStamp" : 1540627222915
        },
        "-LQMD69QJTPIPrO-Qjuw" : {
          "cardID" : "7d_8a_62_f4",
          "timeStamp" : 1541209092763
        },
        "-LQN4ktGg32Ft1kXXbs-" : {
          "cardID" : "7d_8a_62_f4",
          "timeStamp" : 1541223681617
        },
        "-LQN5LtNO_scXgbs-WHz" : {
          "cardID" : "f4_d4_e9_b3",
          "timeStamp" : 1541223837272
        },
        "-LQN8E2Wl8p3AGDrK9ha" : {
          "cardID" : "7d_8a_62_f4",
          "timeStamp" : 1541224591585
        },
        "-LQN8FJ6wxK66IQG_ve_" : {
          "cardID" : "f4_d4_e9_b3",
          "timeStamp" : 1541224596743
        },
        "-LQNOAkDk73JAOuV3Z6m" : {
          "cardID" : "44_e7_f2_e2",
          "timeStamp" : 1541228772366
        }
      }
    },
    "temperature" : 255,
    "window" : "open"
  },
  "lcd" : {
    "line1" : "1111",
    "line2" : "1111",
    "relay1" : true,
    "relay2" : true
  },
  "led" : {
    "D2" : true
  }
}
